{"TransEnDecoder-Window10-EL1-DL1-Hid128-NHead1_class2_2884.TW": 0.7061821818351746}
{"TransEnDecoder-Window10-EL1-DL1-Hid128-NHead1_class2_2454.TW": 3.5290496349334717}
{"TransEnDecoder-Window10-EL1-DL1-Hid128-NHead1_class2_2454.TW": 3.5290496349334717}
{"TransEnDecoder-Window10-EL1-DL1-Hid128-NHead1_class2_2884.TW": 0.3901868462562561}
{"TransEnDecoder-Window10-EL1-DL1-Hid128-NHead1_class2_2884.TW": 0.6686525344848633}
