
{"TransEnDecoder-Window10-EL16-DL8-Hid128_class1_2454.TW": 3.6256917119026184}
{"TransEnDecoder-Window10-EL16-DL8-Hid128_class1_2454.TW": 3.637140929698944}
{"TransEnDecoder-Window10-EL16-DL8-Hid128_class1_2454.TW": 3.6252986788749695}
