{"TransEnDecoder-Window1EL128DL6Hid128_class1_2454.TW": 3.6458022594451904}
{"TransEnDecoder-Window1EL64DL16Hid128_class1_2454.TW": 3.6438382267951965}
{"TransEnDecoder-Window1EL128DL16Hid128_class1_2454.TW": 3.611793667078018}
{"TransEnDecoder-Window1EL256DL16Hid128_class1_2454.TW": 3.6326029002666473}
{"TransEnDecoder-Window1EL256DL32Hid128_class1_2454.TW": 3.6447533667087555}
{"TransEnDecoder-Window1EL384DL16Hid128_class1_2454.TW": 3.635590821504593}
{"TransEnDecoder-Window1EL1024DL32Hid128_class1_2454.TW": 3.640460044145584}
{"TransEnDecoder-Window1EL128DL16Hid128_class1_5871.TW": 3.3007365465164185} 
{"TransEnDecoder-Window1EL128DL16Hid128_class1_2884.TW": 0.8775093965232372}
{"TransEnDecoder-Window10EL128DL16Hid128_class1_2454.TW": 3.6388980448246}
