{"TransEnDecoder-Window1EL128DL6Hid128_class1_2454.TW": 3.6458022594451904}
{"TransEnDecoder-Window1EL64DL16Hid128_class1_2454.TW": 3.6438382267951965}
{"TransEnDecoder-Window1EL128DL16Hid128_class1_2454.TW": 3.611793667078018}
{"TransEnDecoder-Window1EL256DL16Hid128_class1_2454.TW": 3.6326029002666473}
{"TransEnDecoder-Window1EL256DL32Hid128_class1_2454.TW": 3.6447533667087555}
{"TransEnDecoder-Window1EL384DL16Hid128_class1_2454.TW": 3.635590821504593}
{"TransEnDecoder-Window1EL1024DL32Hid128_class1_2454.TW": 3.640460044145584}
{"TransEnDecoder-Window1EL128DL16Hid128_class1_5871.TW": 3.3007365465164185} 
{"TransEnDecoder-Window1EL128DL16Hid128_class1_2884.TW": 0.8775093965232372}
{"TransEnDecoder-Window10EL128DL16Hid128_class1_2454.TW": 3.6162011921405792}
{"TransEnDecoder-Window100EL128DL16Hid128_class1_2454.TW": 3.618463695049286}
{"TransEnDecoder-Window10EL128DL16Hid128_class1_5871.TW": 3.3461363911628723}
{"TransEnDecoder-Window10EL512DL16Hid512_class1_2884.TW": 0.8652726858854294}
{"TransEnDecoder-Window10EL512DL16Hid512_class1_2884.TW": 0.8652726858854294}
{"TransEnDecoder-Window10EL512DL16Hid512_class1_2884.TW": 0.8652726858854294}
{"TransEnDecoder-Window10EL512DL16Hid512_class1_5871.TW": 3.3546256124973297}
{"TransEnDecoder-Window10EL512DL16Hid512_class1_5871.TW": 3.3506118953227997}
{"TransEnDecoder-Window10EL512DL16Hid512_class1_5871.TW": 3.3506118953227997}
{"TransEnDecoder-Window10EL512DL16Hid512_class1_5871.TW": 3.3506118953227997}
{"TransEnDecoder-Window10EL512DL16Hid512_class1_2454.TW": 3.6081726253032684}
{"TransEnDecoder-Window10EL512DL16Hid512_class1_2454.TW": 3.6081726253032684}
{"TransEnDecoder-Window10EL512DL16Hid512_class2_2454.TW": 5.258228182792664}
{"TransEnDecoder-Window10EL512DL16Hid512_class2_2454.TW": 5.258228182792664}
{"TransEnDecoder-Window10EL512DL16Hid512_class2_2454.TW": 5.258228182792664}
{"TransEnDecoder-Window10EL512DL16Hid512_class2_2454.TW": 5.258228182792664}
{"TransEnDecoder-Window10EL512DL16Hid512_class2_2454.TW": 5.258228182792664}
{"TransEnDecoder-Window10EL512DL16Hid512_class2_2454.TW": 5.258228182792664}
{"TransEnDecoder-Window10EL512DL16Hid512_class2_2454.TW": 5.258228182792664}
