{"Conformer-CNN_class2_5871.TW": 3.6523919105529785}
{"Conformer-CNN_class2_5871.TW": 3.6523919105529785}
{"Conformer-CNN_class2_5871.TW": 3.6488747596740723}
{"ResNet_class2_5871.TW": 3.626483201980591}
{"Conformer-Resnet_class2_5871.TW": 3.837934124469757}
{"Vision-Transformer_class2_5871.TW": 4.508365154266357}
